{"start_time": 1762809276.0520103, "end_time": 1762809454.79363, "duration": 178.74161958694458}